,Cluster1_Means,Cluster1_Medians,Cluster2_Means,Cluster2_Medians
Timely_Admission,4.1349573690621195,4.0,3.0897370653095844,3.0
Timely_Treatment,4.1045066991473815,4.0,3.090415606446141,3.0
Timely_Visits,4.109622411693057,4.0,3.0943172179813403,3.0
Reliability,3.663093788063337,4.0,3.412044105173876,3.0
Options,3.0954933008526186,3.0,3.776420695504665,4.0
Hours_Of_Treatment,4.146163215590743,4.0,3.0882103477523324,3.0
Courteous_Staff,4.008526187576127,4.0,3.1357082273112806,3.0
Listening_Doctor,4.014859926918392,4.0,3.1579304495335028,3.0
